,train_loss_step,val_loss,target/acc,target/el_10-gram,lambada/loss,lambada/acc,lambada/f1,train_loss_epoch
0,3.798664093017578,1.5557950735092163,0.7118404507637024,0.20047686994075775,2.979843854904175,0.0,0.0,1.2887438535690308
